lineage,spike,class
B.1.351,,VOC
P.1,,VOC
B.1.617.2,,VOC
B.1.1.529,,VOC
B.1.621,,VOI
C.37,,VOI
AY.4.2,,VOI
C.36,L452R,VUM
B.1.1.318,,VUM
P.1,P681H,VUM
B.1.617.2,K417N,VUM
C.1.2,,VUM
B.1.617.2,E484X,VUM
B.1.617.2,Q613H,VUM
B.1.617.2,Q677H,VUM
B.1.640,,VUM
B.1.1.7,,De-escalated
B.1.1.7,E484K,De-escalated
B.1.427,,De-escalated
B.1.429,,De-escalated
B.1.616,,De-escalated
B.1.525,,De-escalated
P.3,,De-escalated
B.1.617.1,,De-escalated
B.1.620,,De-escalated
B.1.617.3,,De-escalated
B.1.214.2,,De-escalated
A.23.1,E484K,De-escalated
A.27,,De-escalated
A.28,,De-escalated
C.16,,De-escalated
B.1.351,P384L,De-escalated
B.1.351,E516Q,De-escalated
B.1.1.7,L452R,De-escalated
B.1.1.7,S494P,De-escalated
B.1.526,,De-escalated
B.1.526.1,,De-escalated
B.1.526.2,,De-escalated
P.2,,De-escalated
B.1.1.519,,De-escalated
AV.1,,De-escalated
AT.1,,De-escalated
